{
    "ipcMode": null,
    "executionRoleArn": "arn:aws:iam::473860850071:role/ecsTaskExecutionRole",
    "containerDefinitions": [
      {
        "dnsSearchDomains": null,
        "environmentFiles": null,
        "logConfiguration": null,
        "entryPoint": null,
        "portMappings": [
          {
            "hostPort": 0,
            "protocol": "tcp",
            "containerPort": 5000
          }
        ],
        "command": null,
        "linuxParameters": null,
        "cpu": 0,
        "environment": [],
        "resourceRequirements": null,
        "ulimits": null,
        "dnsServers": null,
        "mountPoints": [],
        "workingDirectory": null,
        "secrets": null,
        "dockerSecurityOptions": null,
        "memory": null,
        "memoryReservation": 128,
        "volumesFrom": [],
        "stopTimeout": null,
        "image": "473860850071.dkr.ecr.us-east-2.amazonaws.com/scrimmage-app",
        "startTimeout": null,
        "firelensConfiguration": null,
        "dependsOn": null,
        "disableNetworking": null,
        "interactive": null,
        "healthCheck": null,
        "essential": true,
        "links": null,
        "hostname": null,
        "extraHosts": null,
        "pseudoTerminal": null,
        "user": null,
        "readonlyRootFilesystem": null,
        "dockerLabels": null,
        "systemControls": null,
        "privileged": null,
        "name": "scrimmage-app"
      }
    ],
    "placementConstraints": [],
    "memory": null,
    "taskRoleArn": "arn:aws:iam::473860850071:role/ecsTaskExecutionRole",
    "compatibilities": [
      "EXTERNAL",
      "EC2"
    ],
    "taskDefinitionArn": "arn:aws:ecs:us-east-2:473860850071:task-definition/scrimmage-task-definition:1",
    "family": "scrimmage-task-definition",
    "requiresAttributes": [
      {
        "targetId": null,
        "targetType": null,
        "value": null,
        "name": "com.amazonaws.ecs.capability.ecr-auth"
      },
      {
        "targetId": null,
        "targetType": null,
        "value": null,
        "name": "com.amazonaws.ecs.capability.docker-remote-api.1.21"
      },
      {
        "targetId": null,
        "targetType": null,
        "value": null,
        "name": "com.amazonaws.ecs.capability.task-iam-role"
      },
      {
        "targetId": null,
        "targetType": null,
        "value": null,
        "name": "ecs.capability.execution-role-ecr-pull"
      }
    ],
    "pidMode": null,
    "requiresCompatibilities": [
      "EC2"
    ],
    "networkMode": null,
    "cpu": null,
    "revision": 1,
    "status": "ACTIVE",
    "inferenceAccelerators": null,
    "proxyConfiguration": null,
    "volumes": []
  }
